asset_id,name,region,filename,relative_path,intended_use,status,notes
"MAP-001","Moonridge","Moonridge","MAP_Moonridge_v1.jpg","maps/MAP_Moonridge_v1.jpg","map select screen / fast-travel menu / loading screen","CONCEPT","Snowy mountain ridge under swirling aurora with crystal outcrops."
"MAP-002","Red Canyons","Red Canyons","MAP_RedCanyons_v1.jpg","maps/MAP_RedCanyons_v1.jpg","map select screen / fast-travel menu / loading screen","CONCEPT","Red rock canyon at sunset with a river winding below."
"MAP-003","Deepwood","Deepwood","MAP_Deepwood_v1.jpg","maps/MAP_Deepwood_v1.jpg","map select screen / fast-travel menu / loading screen","CONCEPT","Ancient misty forest with giant glowing trees."
"MAP-004","Great Plains","Great Plains","MAP_GreatPlains_v1.jpg","maps/MAP_GreatPlains_v1.jpg","map select screen / fast-travel menu / loading screen","CONCEPT","Golden grassland plain with distant mesas and storm clouds."
"MAP-005","Skycurrents","Skycurrents","MAP_Skycurrents_v1.jpg","maps/MAP_Skycurrents_v1.jpg","map select screen / fast-travel menu / loading screen","CONCEPT","Floating islands with waterfalls above clouds."
"MAP-006","Wetland Forge","Wetland Forge","MAP_WetlandForge_v1.jpg","maps/MAP_WetlandForge_v1.jpg","map select screen / fast-travel menu / loading screen","CONCEPT","River dam works with ancient-tech structures at dusk."
"MAP-007","Moonlit Bayou","Moonlit Bayou","MAP_MoonlitBayou_v1.jpg","maps/MAP_MoonlitBayou_v1.jpg","map select screen / fast-travel menu / loading screen","CONCEPT","Moonlit swamp with hanging moss and glowing water."
"MAP-008","Frostwind Peaks","Frostwind Peaks","MAP_FrostwindPeaks_v1.jpg","maps/MAP_FrostwindPeaks_v1.jpg","map select screen / fast-travel menu / loading screen","CONCEPT","Icy peaks in a blizzard with aurora above."
"MAP-009","Volcanic Ridge","Volcanic Ridge","MAP_VolcanicRidge_v1.jpg","maps/MAP_VolcanicRidge_v1.jpg","map select screen / fast-travel menu / loading screen","CONCEPT","Volcanic ridge with lava flows and obsidian cliffs."
"MAP-010","Coralus Depths","Coralus Depths","MAP_CoralusDepths_v1.jpg","maps/MAP_CoralusDepths_v1.jpg","map select screen / fast-travel menu / loading screen","CONCEPT","Underwater crystal grotto with light shafts."
"MAP-011","Open Range","Open Range","MAP_OpenRange_v1.jpg","maps/MAP_OpenRange_v1.jpg","map select screen / fast-travel menu / loading screen","CONCEPT","Open savanna range with crystal formations."
"MAP-012","Prism Cloud Temples","Prism Cloud Temples","MAP_PrismCloudTemples_v1.jpg","maps/MAP_PrismCloudTemples_v1.jpg","map select screen / fast-travel menu / loading screen","CONCEPT","Sky temples among prismatic clouds."
"MAP-013","Rebearth Overview","Rebearth","MAP_Rebearth_Overview_v1.jpg","maps/MAP_Rebearth_Overview_v1.jpg","map select screen / loading screen","CONCEPT","Stylized world-map-style planet overview; regions shown as glowing zones; no text labels."
